servicio,categoria
Aceras por reparar - MUPA,Calles y aceras
Acciones de hecho contra propiedad privada - MUPA,Otros
Actividad temporal sin permiso - MUPA,Otros
Alteración del orden público - MUPA,Ruido y convivencia
Anuncio Publicitario Ilegal - MUPA,Otros
Atención al Cliente,Otros
Autos abandonados - MUPA,Calles y aceras
Buhonería - MUPA,Ruido y convivencia
Caída de árbol - MUPA,Árboles y áreas verdes
Canalizaciones - MOP,Drenajes e inundaciones
Casa en ruina - MUPA,Otros
Construcción operando fuera del horario - MUPA,Ruido y convivencia
Construcción sin permisos - MUPA,Otros
Consultas sobre el Programa 120 a los 65 - MIDES,Otros
Consultas sobre el Programa 120 a los 65 - Exclusión - MIDES,Otros
Consultas sobre el Programa 120 a los 65 - Reconsideración - MIDES,Otros
Control de Vectores - MINSA,Otros
Daño de servidumbre - MUPA,Calles y aceras
Evaluaciones técnicas (árboles y estructurales) - Sinaproc,Árboles y áreas verdes
Fiestas sin permiso - MUPA,Ruido y convivencia
Ganado en soltura - MUPA,Otros
Hospedajes clandestinos - MUPA,Otros
Ideas y Sugerencias,Otros
Indigentes - MUPA,Otros
Libar en vía pública - MUPA,Ruido y convivencia
Limpieza y Ornato - Juntas Comunales,Basura y limpieza
Locales sin permiso nocturno - MUPA,Ruido y convivencia
Lote sucio - MUPA,Basura y limpieza
Mal Uso de vehículos del Estado,Otros
Mala disposición de la basura - MUPA,Basura y limpieza
Malos olores - MUPA,Otros
Maltrato Animal - Gato - MUPA,Otros
Maltrato Animal - Perro - MUPA,Otros
Obstrucción de acera por comerciantes o particulares - MUPA,Calles y aceras
Obstrucción de acera por construcción - MUPA,Calles y aceras
Obstrucción de vía pública - MUPA,Calles y aceras
Parques - MUPA,Árboles y áreas verdes
Ruido excesivo - MUPA,Ruido y convivencia
Saneamiento Básico Aire - MINSA,Otros
Sin carnet de salud para manejo de alimentos - MINSA,Otros
Solicitud de inspección a local - MINSA,Otros
Verificación de Avisos de Operación - MICI,Otros
