texto,habilidad
Excel avanzado,Microsoft Excel
Excel intermedio,Microsoft Excel
Excel,Microsoft Excel
MS Excel,Microsoft Excel
Office,Microsoft Office
Paquete Office,Microsoft Office
MS Office,Microsoft Office
Power BI,Microsoft Power BI
PowerBI,Microsoft Power BI
SQL Server,SQL
MySQL,SQL
PostgreSQL,SQL
Atención al cliente,Atención al cliente
Servicio al cliente,Atención al cliente
Trabajo en equipo,Trabajo en equipo
Liderazgo,Liderazgo
Comunicación efectiva,Comunicación
Manejo de caja,Manejo de caja
SAP,SAP
Python,Python
JavaScript,JavaScript
Licencia de conducir,Licencia de conducir
