id,fecha_publicacion,fuente,url,titulo,empresa,provincia,sector,salario_min,salario_max,texto,fecha_recoleccion
F-0001,2026-08-03,Portal FIXTURE,,Analista de datos,Empresa FIXTURE A,Panamá,tecnologia,1500,1800,FIXTURE. Buscamos analista de datos con 2 años de experiencia en SQL y Power BI. Inglés intermedio. Licenciatura en estadística o afines. Trabajo híbrido en Costa del Este. Escribe a rrhh@ejemplo.com.,2026-08-05
F-0002,2026-08-05,Portal FIXTURE,,Desarrollador web,,Panamá,tecnologia,,,FIXTURE. Empresa de software busca desarrollador web con JavaScript y React. 3 años de experiencia. Inglés avanzado. Trabajo remoto. Salario de 2.000 dólares al mes.,2026-08-07
F-0003,2026-08-07,Portal FIXTURE,,Soporte técnico,,Panamá,tecnologia,900,1100,FIXTURE. Se necesita técnico de soporte con conocimientos de redes y Windows. Atención al cliente. Técnico superior en informática. Presencial en Calidonia. Llamar al 6000-0000.,2026-08-09
F-0004,2026-08-10,Portal FIXTURE,,Técnico de redes,,Panamá Oeste,tecnologia,,,FIXTURE. Técnico de redes para instalaciones en La Chorrera. Cableado estructurado y fibra óptica. Licencia de conducir. 1 año de experiencia.,2026-08-12
F-0005,2026-08-12,Portal FIXTURE,,Ingeniero de datos,,Panamá,tecnologia,2500,3000,"FIXTURE. Ingeniero de datos con Python, SQL y AWS. Inglés avanzado. 4 años de experiencia. Modalidad híbrida. Universitario en sistemas.",2026-08-14
F-0006,2026-08-14,Portal FIXTURE,,Analista de sistemas,,Panamá,tecnologia,,,FIXTURE. Analista de sistemas para banco. SQL Server y Excel avanzado. Trabajo en equipo. Inglés intermedio. Presencial.,2026-08-16
F-0007,2026-08-18,Portal FIXTURE,,Técnico en computadoras,,Chiriquí,tecnologia,,,FIXTURE. Técnico en reparación de computadoras en David. Atención al cliente y manejo de caja.,2026-08-20
F-0008,2026-09-01,Portal FIXTURE,,Diseñador UX,,Panamá,tecnologia,1200,1400,FIXTURE. Diseñador UX con Figma. Inglés básico. 2 años de experiencia. Remoto.,2026-09-03
F-0009,2026-09-03,Portal FIXTURE,,Administrador de bases de datos,,Panamá,tecnologia,,,FIXTURE. Administrador de bases de datos PostgreSQL y MySQL. 5 años de experiencia. Universitario.,2026-09-05
F-0010,2026-09-08,Portal FIXTURE,,Desarrollador móvil,,Panamá,tecnologia,,,FIXTURE. Desarrollador de aplicaciones móviles con Kotlin y Swift. Inglés intermedio. Híbrido.,2026-09-10
F-0011,2026-09-10,Portal FIXTURE,,Asistente de TI,,Panamá,tecnologia,1000,1000,FIXTURE. Asistente de TI con paquete Office y soporte a usuarios. Secundaria completa. Presencial.,2026-09-12
F-0012,2026-09-15,Portal FIXTURE,,Técnico de sistemas portuarios,,Colón,tecnologia,,,FIXTURE. Técnico de sistemas para terminal portuaria en Colón. SAP y redes. Inglés intermedio.,2026-09-17
F-0013,2026-08-04,Portal FIXTURE,,Operador de montacargas,,Colón,logistica,,,FIXTURE. Operador de montacargas para zona libre. Licencia de conducir y 2 años de experiencia.,2026-08-06
F-0014,2026-08-11,Portal FIXTURE,,Auxiliar de bodega,,Panamá,logistica,800,900,FIXTURE. Auxiliar de bodega con manejo de inventario y Excel. Secundaria completa.,2026-08-13
F-0015,2026-08-25,Portal FIXTURE,,Conductor de reparto,,Panamá Oeste,logistica,,,FIXTURE. Conductor de reparto con licencia tipo C. Atención al cliente.,2026-08-27
F-0016,2026-09-02,Portal FIXTURE,,Coordinador de aduanas,,Colón,logistica,,,FIXTURE. Coordinador de trámites aduaneros. Inglés avanzado. Universitario. 3 años.,2026-09-04
F-0017,2026-09-12,Portal FIXTURE,,Planificador de rutas,,Panamá,logistica,,,FIXTURE. Planificador de rutas de distribución con Excel avanzado y SAP. Trabajo en equipo.,2026-09-14
F-0018,2026-08-06,Portal FIXTURE,,Vendedor de tienda,,Panamá,comercio,650,700,FIXTURE. Vendedor para tienda en Los Andes. Atención al cliente y manejo de caja.,2026-08-08
F-0019,2026-08-20,Portal FIXTURE,,Cajero,,Chiriquí,comercio,,,FIXTURE. Cajero para supermercado en David. Manejo de caja. Secundaria.,2026-08-22
F-0020,2026-09-05,Portal FIXTURE,,Ejecutivo de ventas,,Panamá,comercio,,,FIXTURE. Ejecutivo de ventas con licencia de conducir. Inglés básico. Comunicación efectiva.,2026-09-07
F-0021,2026-08-08,Portal FIXTURE,,Analista de datos,,Panamá,tecnologia,,,,2026-08-10
F-0022,2026-08-06,Portal FIXTURE,,Analista de datos,Empresa FIXTURE A,Panamá,tecnologia,1500,1800,"FIXTURE. Repetida: buscamos analista de datos con SQL y Power BI, publicada de nuevo.",2026-08-08
F-0023,2026-08-09,Portal FIXTURE,,Marinero,,Panamá,pesca,,,FIXTURE. Marinero para barco pesquero con experiencia en redes de pesca.,2026-08-11
