corregimiento,poblacion,censo,fuente_url
24 de Diciembre,,2023,
Alcalde Díaz,,2023,
Ancón,,2023,
Bella Vista,,2023,
Bethania,,2023,
Caimitillo,,2023,
Calidonia,,2023,
Chilibre,,2023,
Curundú,,2023,
Don Bosco,,2023,
El Chorrillo,,2023,
Ernesto Córdoba Campos,,2023,
Juan Díaz,,2023,
Las Cumbres,,2023,
Las Garzas,,2023,
Las Mañanitas,,2023,
Pacora,,2023,
Parque Lefevre,,2023,
Pedregal,,2023,
Pueblo Nuevo,,2023,
Río Abajo,,2023,
San Felipe,,2023,
San Francisco,,2023,
San Martín,,2023,
Santa Ana,,2023,
Tocumen,,2023,
